wallet_id,is_fraud
a57bd4f360326dbc13d03b353944dca55c56a906,0
4fa215813f79bdaad8b330ee7e59b09b27a99c4e,1
50cf818b9e5496f5d7d0e064c048474c087b4d88,0
7b27b5d5ba66e61f8c0468c17146016a2a7bf6eb,0
c8277643fa1c2073ae9e0aad428cadac26c7747e,0
3c41808f7bfe0f44733ca530e5cb630f772f9478,0
828575dbcbaafe063285001dc7bcc3fc453a036a,0
7ebd9a6d0cb841c361d7ccfb094296981ee2e1ae,1
06353f3180c380f69c94ff20c507dc0f23871365,0
791e7cf139aa1cda9ed80f2d3fad5de79496c5b2,0
7aca5590b53f1febba33c381b8049816b78883de,0
f8cccf0bb89401857e5491b9ae8481fc745f16cc,0
19ac3f20b2a3ccfae18ccf1ef07778779be36f8a,0
93bcc6e4dd06011b01f0b4f7e7ccd1cf00c24349,0
953098cb973098ef17ced7bf347a341855b1ab43,0
111baa98a1073cf24d5458b8d29b9f1d508b35ca,1
b54e8c3be22c873206e8c81f9c812c4bc51aced7,0
b44f92025d5ee2b42158b30f95c8923db2eef6b1,0
860126d6f2f6def1c0f4170d6ae5cad504a16fae,0
e47bd75b1f5e00bc2c48b106fa7d5cd0886cee8c,0
e2c7c1c7b5730b0cbca6668ce2dc7d53464d4b05,0
983605aa3a50f0227089208de6eb8978d6158166,0
ed86a1ea2f325cb3ba24f122842ab809feed32c1,0
a8451cfd6aad2d195b36b51203292a4dcfbf03fc,0
647742e1bfdb36c9db7851048783f3fe96dd423f,0
25a0dceb567456b8bd5403bf62c7578a3dd016f4,0
fa8e958110a27a72b3c3e1618b9c59ded6cb21b0,0
f994b9dd360029f487be0381092ea282d90b720a,0
cc8d1addd5ec00af0341c45ab7c28ec4bc85611c,0
dcca9cd044cb2d6bc10bbc499237726ec1b9bc5c,0
aec07f2b4a6563331209d5b3e3f5828a22089d39,0
201bac3ea156957da6268d491ec466507c2a3301,0
fb7eeb7e9aca049e63d0ce9a0492ccdd0933628b,0
fa309640430c263f4bf94e0ef5b2ba22983a62a5,0
8649c212cfa5714c9a4e8eddadac6a8e3d057fe7,0
e0de9ae83fcd73ae27a9534d46dbde7f5c488ca6,0
785a58bfd8a1197ec0e7950dd482b7b7093ef9b8,0
56a7e270d150fedcd591176c19efd714aaec9721,0
184518fa52a342896c170e1bb89414faa0bc8bdf,0
e6ea591b90f6f655015270d5f53057b9f8d906ca,1
739ed5f455b64e3acabd446b457c9336acf6ad9e,0
fa8dedca8f584f52553b0acc057952c806bdd5f4,0
801fe16b467b2c547a10d7b5d3aa74268c828f94,1
fb41ffd691d1080f89db3f43f733f4695c4dc4f6,0
26dacf6a01c784385379ffb76e49237e84b4bf99,0
3e595bf74b63382b41d9be89257f26648084ddfa,0
151fbe9857b2462427cf4306eb6bcebed27f72d1,0
1f5ee6c8eb00e988046286c80f34b363e0a08b05,0
65d0e0eee88fb7dc49c2db68ac920fd0231a2a34,0
1fdf22cc85088b8bf0659689e11985b338f77bf9,0
a6b3db9e1be629bee10a0a1eb6996802464281cc,0
41c825530259ddfdfd10ed7166832b16b2036275,0
8682545927d3bf11fb6619aa4cabd6a021832d63,0
0bdefd4fb4af6db74cb8a983285e6b0be27a5982,0
af0779046c8ee68fc01a59446d98e86e5f600126,0
785c87707e56462fae5f4339085237a630383c20,0
b40f8e1e3881f2e0e541b76b6bacc9d9c4f8168e,0
cd7fb36c62adab82ece20d28302471594b078ecf,0
9d0c1c209c9730ccc7de5056436f43cd170778e8,0
c0c2bd25aaa1f14caba34fa772c3487988321397,0
ef832483f9840923bf1539bba13b555a661eee44,0
62afadc64190520bab52794c0c609a24e70703c7,0
be65ab357d88974b30b3cf0941538a5745f80f5b,0
0f32b5cea623b8517bfd38f7fd026aeeb2554a7d,0
eb871138c52fe1c9f2b112a96e8f5daebb2dcdc7,0
eb9b61e4f53cd7bb5975db1ce54bc74514c0a431,0
381268bfa0ff1dfbfa0d4ae793d72461be167ad9,0
1062eb38127c02dafa18033456f4deaad5c011f6,0
cf0850c40b5766fb32010450d6440d99afa194ed,1
dd51e5ba56b4c571b68b5e19b11846e0a1e51b2a,0
be1b4f21c12293d7ba4b9df4c6cf626b314d59f0,0
ba3cc3e4520716b472e70942110e4416ffc6d509,1
aaa2d0da1b271f53b9d1a620ac886ca42b1b69ff,0
77823835fbd277fc2f87af8b0ab327b2e6f340c1,0
966f03b900016609ecfeeaf5fcb8dbe6f9fa2827,0
6fd43a28520c567f66d1fa59cd85d3c0bb335a51,0
4b6083dbb7fa9d7cb2e1c7576073250a054b174f,0
b7552d91dedb72f104b788a479ee43c3e7fa56e7,0
11692e0c10c764b47194b556294dc66bfe386638,0
1dd7d6a46d2ce871244c636db0e8cb02ec57800d,0
ded9213cfee2005a86e8d683629b51ad4afa242e,0
19ae781a55b441340226c1166810fb94254db181,0
98a4ef5d1069c8bcaf6f89df24b2ddf917ce230a,0
88264750cdbfec244b920ab1074e7a880e4a9f50,0
140ebc0fb18ae63848ec2e7a99512e20554fd3f1,0
9f6fb631caba8b92e1c00c2d48bf2c7895a1a09d,1
cccb3bba7382ccf613803c79444d3a1fec01b769,0
106779956ba2f90b8db09930257bef99e0ba5ab1,0
ad4f9e10d6514b976d1c29774f262e37ae8d8186,0
e13fea9b8573d09547a6927fe0dc4b3fc6dd1f18,0
bfd3a60a9d828fab25c02c1c7561fdf8724b9a3b,0
012cb491c13e2b49f6e436c1855fc49c2dc8cc42,0
1f86a53226a5d1b2cd5199b8e5e3e6e5d3cbabc6,0
863017a09147de436c4d8899bc7567c250b374ab,0
fa4d80573b024ec34fab3d06d794fc090c847f4c,0
2861ed6ea128e91123d9ad188c2677bc309e9c27,1
00dfcad457b1ac2b93b1030e0d1e09287aee8094,0
31fa1a0680627e2f395c76e0c09d2b72cb07d5f0,0
8b78bd037ce5f157c7a49ef20da78d7b4bfa2fcd,0
5b4bee02c6c2d57180b66ac4a9cd06f00b8844a8,0
c7362a0a273d7f2679ce0d8ccf014b80fd65367a,0
b554c8490f99f85f1030e69d1191d7192a922e12,0
41aa00b8812dd0a428fdc6c6a034e9df58faa727,0
d763e52372c18d93aae7151343ffee51d508cae9,0
aac784a75c22f3cdcc2490b8198c5822385a520f,1
98891c647788392d85458589b8ba42b5a5c7658d,0
93fdb5aae7a1e824ed2e646844ccd5668a742710,0
ada98a6a1e57d6c0453df748899c7075edf30a1b,0
853d7eb8c9501b267490ae11d1a5aad96630bfce,0
dfc079953f67d608865eb37ae98ab655a6db1918,0
8eabb6b5a468ada399ce4a328ab4a9f0e9872c1f,0
7f01ed7b9f40f5c88d46de5ae6f7265efc0c210b,0
e165fcfe48be73479e26e1f2a9793b9df38a3eca,0
acf94c49d95e5b29c891dbeb3f4b60a61db5fe58,0
5def257d394b2c0358b822b4abefc3c55f875dc8,0
a0d58c3f37fee2999e211e556ad453f5c75169bb,0
89350a9bc9f1233edb5fa2d30393f0a31fd48697,0
d1f38c0036ce83060721b6ca68efe12d33fa45ab,0
fc0449fea954654c3611d4bdb59a11edeb4c501e,0
2eeb7b147ec929aadf373107261ba915202480fd,0
06f681da74abb1539ea51399c6a0d1faf336c619,0
85e484500b37166138f52ed70b1d563863f8adce,0
649917771b04834623b6d834f2f56de09f692e7d,0
025493fcb8dcf9c09ad52a9871026fa8559f837b,0
0dadd4bcdbeaee8552bceff2d0df9f21db3cd5b5,0
e95c8c13899351d8b035043cd828b2069085a29b,0
fb60f00936967d9a1bdc5023b5cceb8a96f5ba4c,0
f2b982cd0dc5020933c22ef357d5296b6316a25e,0
d44699c4717a6ed52be025d4393b04ff8dccaa3e,0
a1c0d303740bde0fba736e3849d1dc52a3a8c3a7,0
68be2456a61fce55992a27364af41b84b10b2413,0
5b940e026526a7d767f045f97db662d428162bcc,0
6720ed3f04be9bd2594ee2c0296eea26fd84c417,0
355ed5c42f8cde81ecdef1578d35201c941a81a0,0
a75de451bda27836acc6e46b689c5b44a6bb4c38,0
24dd0d90d35e97fc21f6ffcc7cb61bfe2e15999e,0
f43db3c4e23239ee559fcb8ff2d23fdc4723c89d,0
9c3f9854e78bf463617f38152aa5e648e4171e9c,0
ca86f999a20a80df4a63b2cc8682d4876a8f9c49,0
a46528b30c5e69477383a728bbb3abdfa8ef8af2,0
f127c8f410e698bf44c695c7765d5254f37f4603,0
95a163c6e01b5d8e61a7d17b6833b01afef369dd,0
40870ebdcc8f84ce963826ba044fdb9ceb82740a,0
17f78eb963e52a598a4ca55a30f4022787002c72,0
79da49878f9483ce80a0e0ef4d6e02b3b3f7f5c1,1
21f2fdd63cd9130ad951af82bcab8f8aaff4e0b6,0
e7a66549b7cf81dd4f1510ab36228a87148518cf,0
3d2554005f3c7c06f49d8b44e6526911e2015713,1
cae705c2189280df0309d28e8afe5f43ba01efbb,0
652b40687704fe67aec5f509e6e93fa2f133c5db,0
e5acd1fd657f7d632adbaa0c934ef1ce91a973c1,0
f1791dae2884317d733595133f916a6e78b6a81e,0
5da68a648242537f7da82553dd0b63bc679e6bac,0
39d0caa1907be290e8abfa14dc6c40a5f6766ff8,0
c1e7c02e843b3680232e2375dcfa6d971271518a,0
aed0ba42aadbf2eccc82751e2d9b6bd09880fdf1,0
d47f56dac5f82741fd181be584c23a3c5dd615c0,0
b10bf873ab2c1c9b183caf9c1e36b6970047d88c,1
5fa077a5c37d18ae8b49dea5022979721a5b2757,0
14bbf27f6f70c8b7548f630e0a652a6279490ff4,0
8f71097ade22878cd189352e52d6dcb81ded4da8,0
b7e2ed888ddafe66e39876c338cbc7b7fdd3785a,0
b079f42b6d0b38b3275c4a0b852a5f45771b293c,0
db3931a06075bdbf1125a54551abd19f90c18182,0
a1c043d95ca1df0f859de3c30e1542d423c4fec6,0
a0f232a7bd07e69182f886d3084ccce77a8c3992,0
ec365da48923055ad84e9943c12f27d46fcaa91f,0
91713a3b92ccf41e49d8a5fd2b645a3bff91e91c,0
0abf426525a7ec6957aec390b28b8a1caf8f85d5,0
c0718f2e4b7a8e7feda38ecf8a6bb59e49c1fe4d,0
31ffbb13dd8b8676654d0701a5e002c792363ad0,1
88741f8d93524ea8aa63294196ef04d50067b9a1,0
b2d3604298366b63ee92b5faf575d23b345da490,0
1e930d4ed0de82c2bb5b5dc9815e43617b816cd7,0
e4e9d0dd4816ddfdd7452c70cabefb5a552c5069,0
abc7f771b3df9cc17320215ebe774bd40e40fe84,0
985251f13ab775d1313f83bad2e3a5ddcdd37868,0
9a280a23d762bc817a0dc8aa2ae58ef927efea91,0
afdc08c74e18818404fd9d418b4d8b6bdb946d2d,0
8a486a84def5c7de59d01e846ae804917fe20a62,0
5f294c572f1590643097e3763775800ea0ed2102,0
b9e58b6abe374de3b7d81ad2f261512c20bfd6d3,0
f9fe242c33d0c19681a809733132dcaf0e3e27c1,0
0ee98bb452b346fea40729acc5dc1f8a63620939,0
5fa1600f50645c762c8bddc0988e7ccad39b91f7,0
89fcc18a81294e89fbe3248f4be9faa5f4480aaf,0
1e4d9a2a3b317e24dea0d49a612a90d1d747afd0,0
45c2fc0cb717847d28be7161ef18cced9feda125,0
1d3b00897bdc0c54eff4113fe959866325012202,0
b85374927dca1685ca2bb8b8a63794df7a089c94,1
1f64b7350faca3e2d18c4849ecee2643e302af41,0
e41cd69c82c5b51cd6d10fb7eb4dd6b1c085f5cb,0
8a47c2bc17aba1a5364037975a0dedd421c11ff0,0
8693fd747aa165f0fb35d9c818dab066b02041af,0
99d1ec270262549f9de854807e44ae1ff3c6b060,0
4e7185b5200de7ef51383538bdb2168a089e2e4e,0
78a5f13a9c82998de1539064dd00048c5cb02613,0
999420b4e5d2ea62612ee2be32ff2d043b7cca7c,0
aa22502e05d2087018474dbc2f4396a28d233e3c,0
a28b40b247cc4739a11a5453d68273f35e99ac97,0
f8b5119277fcb3a520115a27a7deb7fa273937bd,0
9ec8a99845b9d954d9eadd2f34e35cdbc8ee94c0,0
e989230bddcbe9156a8088e068297cae2b397a4d,1
18c80a8d6903eb41d25e556a807c2c3c7cda5968,0
fc2e0d365d74e823fc33002c6b59846301a13dd5,0
4e5db663f58d2d34ac2d8af3e31d5bbc417ecbb8,0
246e6382f08e6fe6406f241748d6106526232fe2,0
4acc415ca8619495be7ec48e271563c444fb7276,1
53d9c11d9a4f5e76368ac53b245af4aa18131ad0,0
b85872f543bcfd915d513c74e206feabe62d40c8,0
ab065f725c7c575cc5cd0086f164bf332332c426,0
1665dafb7deb27e87b298f3ea8ab860e42c79c81,0
2e6c1f642661a27433b300e3bb3e55ea469a8e86,0
d5b0fcce8f69e1c4b16c816e00d9a3db1dab842f,0
dfc67f7081a040d492934f5938cc3a1cfae5ee14,0
0376f270658c2d52a310db6117825ca103229d95,1
924268566ae43a90fab19a1a0c179c55e5aaefcd,0
72ffe3587508caf2b78933591488094a87c1c6ff,0
d4614fe3773cc7518bc5016073f4a8035cf4b2be,0
42c12cf22792f98ec951dc5c00cf5beac24ed768,0
18b5ef72ba7d5e9d58f2f597adff943d717e4048,0
62be4a5e854eb028d3ca7075be25f4bd0eae5025,0
32713d29461b0f257ae05a66f8d18d18b4cb0873,0
4ba34868ff405c4554ed05262c57bcaa46be8860,0
bd2ec43d8a02ca4eed39bd01d54f64d4c918c2d8,0
b8b11837ca5969f03184e7b08586947627cd8299,0
a5f881746952161aab1245ee5a21c6da714d1c6d,0
0bdaa57a4978fb05442a431ef431cae4f5cf7a38,0
e374fbbb74a97e463ccf1d046e90003032bffd41,0
bba336b46a434d136626b6f2a6b846cc85995db6,0
52670556fd87d322ea67757d57e5ea6e5a87e36f,0
6528a9592aefa589dee0a27874de749977903bad,0
bf1d3ab67fa2748b97e68e89883cd03a09a69aa2,0
9beabca9d57ae70942d6162250e8b3cace84d30c,0
65810ad635e96a1ced4826ccd38c27fc302c1dfb,0
bc6b7dc1308afc1c8673a73fb3fa0580fe4fb6bb,0
cae7cf9c5c0eb11cb7a1edf10d56645da6a12971,0
9abac8279dce5440ed00c4d31c0a3b33a6f508e2,0
630e71a3bb3b6e697e6d5c62d29605bfa5436b1c,0
0b720c775ef6474ec055deeb0d05fe97e4c35534,0
19449d1f8977e156eb6a6ff5ca41e7bab47a8762,0
fd9fbd2ee366c4a54a7c3b5ed4a719b5bf50ee9c,0
561efc5bb2c8a5876ccb80fc82f9f9ca7894be34,0
b5daa58e6384c30036286298baabae71a6602497,0
998de06ef9d3eb7b7ed0e5aca24f096955fe5686,0
15f9c6ba98fbc7b4ec8d2ef6c1205a26251f6e8b,0
17de614ad3d193cb0bbcbe256fe86be1d88e952c,1
264dbfd3e3eeb0de2bdd791705617f2e0c823cf3,0
4dd53c0be254deeac20ddceabe1b543b17f9e0d2,1
fd1bbd8a8d897ca61c8346b05955080618b209ee,0
5725fef5a3c5b88d6bc919f09e822719be1f10b6,0
292a9a81e246dee54101ca77268a22822760f976,0
37c86246f35604364e8e91ce5094032c12fae326,0
27d5b20e503eb15bba13b40a075782a61f407ac0,0
8f138ba6ed5c1c7d1b9acfab3a5794a1ac6641c0,1
6d9b36293d2d1034c33f8464af056a33a9dcdc50,0
7a9f83d7f0e7d52d3702b6f62ccee6f7991c48c6,0
ee125023f5d1a04dd107b02e29dea441bae23eef,0
ccffaf32cb26bb005f6a5fe4a11e5c5eefe772de,0
55e72af9ed58c64d39645c0ac22f38c3683f3524,0
dadf0ce8760917c483ab00b16f8f8a9a942cfe05,0
e84c397e44ced09a108924fab3d8f9f42dc58924,0
569ec8102a0eebca15d0bbdf86055192021087fb,0
48aaad8807e3ffe06e38da2245f5dfbe517b2118,0
636fe49c1386c74aed03097f404c8ae949fd63bc,0
1f3986fef0a0332b0f8a51e1b697acc2a16398ce,0
186b44b95ce81d1cf1b5c598ef61957f292ac833,0
99159582f98c1b4cfe68ebad707e93edb13b4811,0
423e68b357bc77a59b06f7b9b489b96e1ee46cee,0
f0c1497710dba01d57db17f6d0fcc6f8985263d2,0
108ba898ee8f1b83bf106de120cbbef311dc0eb9,0
87a4e02d8a8c5b360636dfe6563d63dfc36196e6,0
5e9fcc4e0638720b5bde311dd3f259fa78848799,0
17e6a17abf0288e4573a6d2d3f5928c6ca476535,0
cad0a40a15c7dad504ef5aeae8f6ca2b98e8e1b5,0
2bdd955d89f41d17b135144720e30eab6d22e3e4,1
94ee64fad31fc0be996f07d208384f23a3fa2253,0
56c0eb2f1bbb8b6a5aa126be6fad4d0942cf52b9,0
34f659569707a8049945c886332bc0029fffde1d,0
0d0564092cae42ec158224e83699c1b10b72e076,0
1c75ad15dad620af3756b6998b5335f44bb4afcf,0
8fb2b1f50a74a43075e2c9634f63645a3c10a973,0
1ff874e9bcb4cdde186f780aa9c4e9e58dc85160,0
a65840b9e198df0cf8f0913c80d7c3f1b2eb0353,0
aa8eed7b47ac23ccf0ea12ae6c85bc187f3e6042,0
6d46f4d90341c57b3551ee54f0a5e089d1c2743b,1
39bcfa478897deb12b64463da5f7ab5f9a68f99d,0
1d2b840cb55d6863c9453bdc7d9751f29daeee00,0
ef403bd3395bfad81698cc6921255208e9da05be,0
bececcc272c2da841c7f858b5956f7647c5c51d9,0
0c7f7187ece9c7f70d01b5be0dfce4c8cec8585b,0
bd4b849086a5b8e682d6f5983be5bb31c0546ca6,0
3b995705f344f739fdc09fa125bc3f7904c83c79,1
a0da9f207473eb05f1410b1549644737abcbcc4c,0
1f14051164302b38d24b34f015718f496110c0ed,0
139f7a16e903867fdb73f1539f6f7754a9cc7b9c,0
87c854a99437087d02819c5e73f33f4b622e5c50,0
8c5205f6a1c5674560510df04d9cbd470b093027,1
de57a0b8ff3d9f5fd0599a7aec2b1ec5ffc59417,1
c6029e4660a6a332960c1743b6477b245a86b32c,0
6854ecd60b08817ea95f402d503d73daf1aa1b49,0
34adfbaf0206d3e3f4e352d3c0a2ba828625ee66,1
5a9d4408a29b4edf42d40126e5e593bfd11dcae4,0
535610288170540919690fcaaec185e36e9901c5,0
48a0042acfb7a4dc91f9b376d0c8ccb39fcbd0ca,0
ed6c290acca10c781defe5fd978213a52b1d8891,0
b8546ece4a1f36c0c512e7181f07756c868c13dc,0
71f6f4494b4c2ba65df5dce7ce11aaf3cd03c784,0
42c39452439221096d8445a9de6a80ffcb175a59,0
369d3c6f90c376109fc252ed75b190d45eb5ec22,0
b493f1eaf2c473588ae784dbd8599e1eb534ecd9,0
6e3b266217898120080364ff01b250ae711b66e0,0
47ec81760673ae3c1377456f530b1f5f4466eef2,0
a0dfa315f3393daba7da0a51610aa57e11009de1,0
f13554bae8b2954a54a1a82d307763e2c7e0c07b,0
46045df644089aa8f5550af2eaa47c07f0a7ea34,0
bbcc6f85e5a30496e906d00b4259e1fbe933442c,0
ea851c22d5fab877f340bc9f0e0bf4a7277606ee,0
7da3630fc5c9a8c23792364509089aa4c88cfd7a,0
2b05f5d3cc3d809598efd042a9d69e0eef925e71,0
32cf0e914dd1dbf0d8de92bb86100ed379949fa5,0
6fcc072dd434fd65059385c40abe2b378d019ebe,1
dc40a34d8adad89ea91531145c1be84adfe3f487,0
b569e17ffc6eb8c1d7397b8c6b3809cd6dbd7f64,0
358d4e7fcbd9cd6a269822c761e0ab6ab5fb4bef,0
87f1373538abe414e71d6d70a6f2c8b1c1216a4a,0
c8f20faf9c806c37d513af3f72ccde30b07a5a7e,0
82b3d8e44c3bbb91d68c816d847fd64e7fefefc6,1
6ee52d6c41128833283e1d928e9b6ab9ac464b1b,0
bdd8694dc647252f75b1369bc72596267923ad7b,0
845b9e527cfde85673513fb1ab7291f85f581a03,0
da1b2dd99f65b8de6065f4a37041a9fdacbb0f11,0
1d38f43b89983fdd2e41021063f8121e0e64a723,0
7f22cc3da65620578eca409b125302a314946913,0
768a83fc0c778bba097be7aae355ebe5ad66aae9,0
365d0559dc77d2f20c3794a270ae74ef6ac5108e,0
2e02a2539a2b335e7ffe6c0b9c47dea441c8b16d,0
9ad0a64912a2f66abdc93b76b386f84b072ae51d,0
11fb80ebe1e527eb085636ad2f4aea8dcded0353,0
964cb8c881ec172b03fc56b30276247be1f86463,0
07b8dbaa569089c39a74081504f1fa1b51797344,0
320d8f2646c572e27c7e800498ad8279f0fa3ea0,0
ca1c2db05c666d767ad95415357b3ba4801e5aa4,0
937b08e9897f73776379ad48800ccca05379bdca,1
787e86ba725073f3b725d600a96e16eff537ffa6,0
e631099b9cdc119ce6870968b095356b87eb13b6,0
5425ee8a95aaae101ac2b0b0eb4bd8370cffcb97,0
88867191687df2f50cf8477b79fbc5ffa11d1239,0
5974e9bfa35ac4b83dece9d2780cb6947a0bda01,0
9abb82c9a5824d975a0852ecac4b376ea2cc4acd,0
1dc23cb07ce6e3c838dbb3c4d0542dce636d4891,0
9983bc28d65e15576f3271ae22b437e32ea66d65,1
c9c251be8b4382b193627f7aacd57af6658d8d33,0
54e8b9447fd6eb4609e493797cf460d0309ece6e,0
40197a994a213924a23b3e23bd165bbf5c8291b4,1
2ea775c30d545113a3e3dad4a908ffd57cca0607,0
1080fa7a26a4dadfdd4307b9bb7bcd9c12f955ff,0
ab458f24a6925f786462f2ffd499e61a5d969e48,0
08df2f69b45349c0b32b9fc533d5de6009d6110b,0
df3fe15f663b3a4e1b75b5e5c4dce06331d32823,1
061e09a05b0a7658e6bbbb82a1dcc2a0aca56c8e,0
a15a530c7abcfafb80930b612d713b34729fe879,1
9607fc5734034de1f45647a46e51923712912e70,1
9a3cf31cc20612d5d34b298ebace7000bae021b7,0
eac16d1ecd5d03ecf0277a0977be44b1ec358d90,1
ea618ddd1c73ea47eb9bd6bc29df3063674349d2,0
93e0acef296cc6c82eda04c9c6e02700344c9adf,0
27edbb3d86868584f939e5605fc88655ade321ed,0
f0c8af327c5859f5428c48473de72a32f3365cb5,0
b36e12502f7f4a39938bbffe1210d46c85e45e75,0
d421717495840265a623a9d8603314a1da3fdd94,0
4a1b647d205689cfb199b6238dc93749ce08bc73,1
5b71954d1aae49e557bd90e540f9340924efddbf,0
125f06c45b2fcf0222ddd8e1f823d0f433f22d49,0
549c5bde17c85dbd9213ee88c6addb7452ee5f07,1
ef68131f0dfb67dfad29d406d6a5e403018e503b,0
64bf93fb0e90864ca1ff7552ca225b666c87b3a1,0
ee5fe868bc611227d3abbd8953a2b3892d01ab2d,0
319d5b31946b3ea5032cdfdfd3b5b3e80ecda68d,0
374e02d84c15217e7ec3f938ef06eb8f311e4f4c,0
744ce8ee185709daaa9ef28c2341151d4a081619,0
7b7d668d91189e7e2d512b4f29dc5f3a5160146b,0
fc8294c6f8ad5677da11153de22a02d7842d1c82,0
f6d862e73d8ae7c5fd2ee795a2f24f355991a489,1
6c1a41240cc176431c7132db20807d4bc4713e0d,0
cdd32e946825dc5885c10011885eada746cde12a,0
fb496cdee9db57d21319715bacafb2b512fcdbd4,0
591d2685001bf6e287e46bdf94cc88cab0e08d83,0
685af9dd449ee3fd40927c16d20c9614371b0b04,0
d7e64b86d5469dad09ad2800b79607defca74b28,0
0d3ae3ccf40a36eb7b2a2d66ea5e3e85a965b5d5,0
8e5a202e733fa1363e1c7df4f7043fbe314930fd,0
b939d425cd9778ec44ba68231ccfee299df9fa15,0
5ce4a0db88466ce81a63ace5315b54f8986f668f,0
f0dfd518d35e89fee0e59951a6b05592511c783b,0
24df25623e455b7fc5e3865f1ef6a0c08579e766,0
a288f0f79ee6b249fdf27bbdc795bc62eeb4c59a,0
0148a18b8b3e72bbd29cee03e2aaeff6b75e7448,0
11001915c0c1849060b2a7e588b2cf4678961bb1,0
8a475c544ce5c63a88bed012a41b4f6e7c970b37,1
18d45727381374d79951daf63a127d9fe56b911b,0
f31d8eeac7e77d490b44659925ccbbb9791880d3,0
a2c1f654ffd6b62d35a3e552e7efdc8ba29f3b93,0
dd0dac75eb956c1bb26816c172d87cc139376cba,1
2ec807cf4c2554571306a4266f7ee6969acc11c9,0
9815f0f67ed87dda9cea23781fcc405159178496,0
08188520c230ee25250d1c2dc7a3e71189fa8676,0
940d32aee65beea81111cd2926b1a01097dc6223,0
9653fa0f52ff39cc6fcc88519cbe662789b09473,0
845d4fbb60308313d691b054a2e508c4df980d94,0
74e2a60a795f8f8ab168d17e38f8d0f2087d3c69,0
2529e9b1b53b8f3d4b9b96e20f5e4854ef26dfd0,0
5b2bec56684db2712eae79f91d63c04b00a38359,0
99ac15e2a06df1273d8e2988b71a4c142bd6e043,1
9ac659604344bf7d2949caac3e73868860505446,0
45a3e0e969816dc1fc872ccfe4beedf9645d894c,1
9ee849e2112095d70c3cf6d78c5c0539181846fb,0
8e6b1a706543daf7e1abf6efa9bab53872055872,0
5bd1e830809e1f231cd401384f14d299f5e9a10a,0
8555ffacfb766a1ab470287e1a62941ca73b669e,0
96ae9e4dac377616b842a816a77cf33f27692e01,0
9094a12b9f091e31a74c2993c3e48023be7ddf7e,0
692dff9bc71a05f9d3f65a6c337977079b5a334d,0
64fe45ab41be5bc9ea0788ab65fcc1f9cc5addf2,0
768e86c7aec46e1ae8e1a33d864de04c9ffcfc41,0
627120b52f4da87d2b8d8d8ab097cd1ede13223f,1
9d76b98396b27bd1b4a51b5b0641964fa2351831,0
94d158e85dd6bf621e9140e19f9643c178e121d5,0
14540f603b3e96cf1802fc40caae24b01c3ad939,0
2fa5267a29378cbeedcb33164997655976ba94fc,0
4ee0f60010732cb91aab73f51936a03202b26809,0
95d6d56dfdfc8d1fe1a776c05d1455cb530e1f80,0
80545d54fcfff6f920afa633d9eb013be799f4f7,0
9bef8fd0447c9384286a310f3891e4a64dae425b,1
c60a46a7ebd0fced5a6df4569a3eea0127d0657b,0
aa227f56f3ff4f24b881cc326801e247d049030a,1
983f5ae1b0e67e101998339b51f43abaff302116,1
39f85295652b36f3cb8ef7d755eb5ab7cee8fe45,0
c2f0893e59c0eb11c51f14038795c5287d284eb3,0
03addcd950acba687d01f791daffbca50bcdc854,0
bb18cee7bf7ed46bead6b0b7ff646479aa4f7281,0
325f3901145f9a948b160cf0723cd410201f76bf,0
e6b570834af00667938342ea4c9751e4dcadb5f5,0
a33b339dafaea21fd95cdc8312741c96418d8b4e,0
1ed411a685ca2ad84f8b49579a2e0e9036c7ee30,0
8064f5a523295888bc66c199f16131efc3641832,0
2416cc2175cb607dfa7bb7ce68fadae8946fa2f7,0
987880cdca6c1f178951ad8ce737cb0258bb53d7,0
8c1ec6e0872f9755be79027cae654c118852ada4,0
848d23ceb3f2d38d8d73abc0cadf60ce8f514392,0
189620e4916b1483008b95036538071a7340aea1,0
513dcc07c3251417d90095ef2bcd0e36aa846469,0
3e12dcdff15d1d6b6d1f0952ccb651d742e8859a,0
8ea21d4d5f2afdc872289ee4cac6d2b167b5949c,1
dac6d4d07ff78db4e76fa66f36e85c16ebc86e9a,0
01d166021caf901f20a581163ca2129626758d29,0
87479bccd8e60b4168ee82dc81aad7394273183f,0
73400ce5e44239c6d03767da784e478f54c22a2c,0
fd7fc55be67754b830c9aab04734f733ee305d0e,0
9f19d79e096e63a8995d5b095cfbdda3906add6c,0
ecb7681ea89da97832262468f51200280921fd1c,1
021d3e5ecf2ea04288697f22aacd426c969dca84,0
95955ddb3694b105be8c89ac99c903d391013e8f,0
922d30972fab25021bbf75d530e6f004320d03fd,0
ee9a3f809a561608441aa0911c0fa4d7d47bf025,0
b9757276592f5f8e56bee5f8b18e07df5285129a,0
024099b0670ce4fe1735be01ee8d2e1a062aa503,0
6431a47aafb857b6ffcfccf7ed1589ea5da521f7,1
1a9c48be42b0d7d07ffcfdb80d4a2e1d9c2528b2,0
31886b676bddedfa2673d88f17536ecb2124c80b,1
3ceaf2b025b272ecf48ec532bd53ffcb3b692a7d,0
ab38dd239888fefac50227fb8ad5792d1b92e626,0
37aadd0750f5c5f4f46bc09a4771f3d8b93b7e4d,0
e60b37d1a9bd99e0ab54c9a6eb57ea8cc63a891a,0
cdc7c3713c1184fff31e9b916b115ee53067bf90,0
4688b9d579d4e0f1059c21b3eb7cede5555f1dc9,1
cca971c59ba50a16fee6eded1cb2162e3f753b7f,0
d9b89d8b7e30ccd4e268ae45857701304fe027b8,0
1e17bc1e043e5a2a6c849c174284ad19cacf245f,0
b625708fa13ea17fcf372a8683e12eb337a5af85,0
dfab1b28b8968582b9710f488d5a07e555e4bb65,1
6dfbe335e7d4fa29dd4f221a498089b0966477ea,0
fca8e332aa96ab9352448462d805165a1079ea69,0
127b64cf7ee7d85793a009b75e4a6e2d629ce76f,0
b09517efc63e67b06b21cd5b2468d2f6cdcabc4e,0
283722fe92c081b43e079b33eeffe196cd53f6a1,0
feed3d0721985dabedd42e13731f1ac082fbcdb6,0
d482169a9123542d6b483dc77a58fe4b18f8aa22,0
c5395bd9bf665cc9b2b84f4d0e491fad4de98bf8,0
09141e9f1915d8d6caae5327fd896bc328e06cbb,0
9b57c932128989801e3cb3a1782f953c0e62a7b6,0
3dc6d519aba1b830b9baf752b4cfc0a20ef0b5ff,0
f6d1508637ee71fa8e0b8f9ac31628a49d9cf2f9,0
ba0fab52e4b30a18194398c76c99786a4ec3af8f,0
18b05d636c8d8c106cafd079a5b9a80de5783080,0
1ec0461e989a05ba740eaafba5898c5e091bfb6e,0
6ec297a03d3243f3cab8b6854be60c618ed0aceb,0
b882d2ae24552fad27ec47d50606ef4057926f0c,0
76f42f3d6d8124dce8384351ba51793590b187ed,0
d87052df87e2c3852e7c4cc5d2ad72d576507990,0
348b6f4a0614653c12299e44d81ac24429a36e10,0
757eadbd04866f6a409d7196da2178a00867759f,0
4f3dce56dc02b088238945a02f7c6736c8a7e9d7,0
b9a84a28d3003d4c1a07d08621dbe2cdea0f5f24,0
79ac601a0edb81c3dc2a73961c0dfa3ba5083b0f,0
1a9b8f5315f48e3f979f44aff28c2da60228a5ae,1
3c5d9bca22a32fab67e4c03327c95fae384fdc1b,0
6c58d09a309a121b43c63ee39c83f6d414628edf,1
e88ac3e9a495317f6959c1b6d7a8be3fecbbb68b,0
4cf755c17de18596b716a99df3cd61be29a923ca,1
9c14d7eeaf09b4afe8ac36eaec1ca5299ee5f4a0,0
f321f6600309eb6288f0882427df438c3b5469a4,0
22c66ff13689914e09f302bf5a3c3310632514e2,0
d91a1d2f36f15fade007f08af21eaa6523434751,0
ff5cb5979690883bf95b75825dbc4a01ef154d9d,0
b0cd58c1a77db5cb75fd803775a81f7e75fb7012,0
37a1f2cd172ab3db6bd1db8256e292d989a33b22,0
0b6fb98075ed89d2c771848e6d5f15bcfe7f88a7,0
45a7f17bbb8d9ec68dfe3e1169f4dedbad2c1336,0
4245e88d34ff111e8332555e18943515b3b525ee,0
dffcf110ab65efab07a2e32f2e6d41da9889ec02,0
63a49ee5a0dcd1ec2ed5779a9dcccc98655f7bd8,0
5a9ee98ee197f810da6f2ef6b3b52419becf4687,0
4d8b21923f4dc026903e7ac17c12f8560d02e627,1
4f087b70f66a44324483d1618fc7edc46aca018d,0
5b0f18db88d74fe8b5351c8d7cd8dfb20066f7b2,0
8f9ac037adee6a19f1b7c03fa0a54072af60260f,0
0e7d3d7a30e388df2a9d60ddf0b59f430096aef3,0
8c76e657cac269b5012271e9d905a075c3375579,0
92df71946ebb70c84eda55ec09e3fd8800525863,0
ccb30a20da37c0f068284a95be84a9e85f812c0a,1
c69dbd9c91bd84999156e17cbdfca85de49b6117,1
9e6208d615818ab27b1ad80164879833d922d0d4,0
c49f84a3a30b06bf65c0f1166a8e57a37b7245a8,0
1d5c42837658026922ae2a914625466006a50d3d,0
59faf69ef60bf1c35d19c7bdbc1225c67f486ac8,0
157c9688432ba8ea585fec8901d505174b7bdb34,0
0db2d841f584f71eb829201adf7cf56a213b1b06,0
efa182bf432629f9e7267ed19d8c4d3be938cd30,1
4d5d2ccf94c1776a01bb6d85d26c36e985b14539,0
db71743803f64692f6e3c3cbad033bf4bf55c2f9,0
be17f3edc3b18a228779c663150ef939788be063,0
d62ce317526c96f472be67e68d38b1aa540244ab,1
7331623ce91fbc28a47a86422f7da5e6e55dba49,0
399d079408cb921b0dd44900fea87c4f595eff1c,0
fcc83194e71d98f064edd1789904541322d234e4,0
16915d181e5d024b6afcd35c0d3714df36b5f169,0
84f32727d2de6a1eace55ec2d7018d9475647405,1
815ffa75671bf00a9bb0d8e0dd49c4c11a261cec,0
e6ae48303d2ae949985ee478c0517472b1852904,0
52d40c30068da65a1c44b07b36bdd9b572b2654a,0
762d78d9341533da155786b394e1302cc25f6e6e,0
0efb3f50190186be760ac34e7290b39fcfd6bf5f,0
2ebbfb3b8c324e662978cdcac04d78f8437be351,0
c3c2d2572544388bf02b40b2b729a8d4686965a3,0
891baf3927b729deb2d834f9ed4c1a5edaf3acad,0
ca93fe46c08aa07ae838f342009f72f03c063263,0
5e25e28311d803697987cdf26ed4f2cfdd2da82d,0
0cf44f85d17ba007565b42a54890a6e468dff961,0
907f7661cfcf4fc51c7ec00ae87b1d0dad208f2f,1
87dafe7c6f4bd37c4951c19e3a249895c6944518,1
33596e92713e3100399e77cf86de12bc67e4db39,0
f461174a79bf9df06cda18d937595112036911f5,0
7d0eceb7732c24d6d3fb5e6f733863859710a202,1
8fd336091043aaa858caf963dbc7625b8e9ac9aa,0
c2133c5ddf5ddbeabf39e64593528f61dfef1c89,0
126cdbf87a919a559e1060aa9cc15caab2ec8987,0
07fc08ba53014870ed8661f3dd9e1e211a034e74,1
e18f5d84c18c8b5119a703f0d8283208a56c4b11,0
519188b51e1ef947c7ca3e1e7e4eeb3c7f7a663c,0
0a7153fb0391beb0db8fce247d2e96c6255497f9,0
c48aa58ee32a9e122c16e4ddc4418519117a557a,0
358bf16d282bede25d890e3e63cf533ff3262a61,0
efb2903551e193c643e10e3b4c6d5c0c0281341a,0
52ff929e249581d2b0e16bab72a6c8f64f29a4f2,0
e7ec1ae7091f0e514a946779a865f687b4d709cd,0
5f1766b2dc0b31f0d6ab62070ee54e8035f4bbfe,0
cbf665ca28411b07973b619786affec5424718b6,1
69ab483eed4fa583c5043de5a92561b477d40b26,0
e166e28e496aa1e013e6f7fed81d5e4457da819c,0
ca84256f4fff7ee88559fdbe88df4e1e97614078,0
a7820e53c05f17802cbb0c4daed590777233414b,0
e1ce093c7147382fc5fe10a17dd8af510a9366f5,0
dc01118b01c32d6de10b635cef7af88e100e7fcb,0
b82701ac09887476a1e07c463a43e5e79bde3420,0
16ef32d809a3dc02a86dd7dbfa33a466d9e8aee3,0
50777123f831c92606cbda966654f806f4fb37bb,0
3e00a793542097bcea3c536af4954a4857df6331,0
059d92fee937165868e9c13eea61ae5db3f9ccc6,0
d946f780d8084674488ce75a68fcbfa6e724c7eb,0
e28d1244fedac4b1b6393db8baf33402082e46d8,0
06e6ee5831b064689c21374c1dd4a8957930d988,0
158b506c1739dc6ce11a896e3f98ff66f7bb5adb,0
35191f4a734678a7fc6468cd043b16557f4c586e,0
5a8c11438fbce1f912f6b4b7fa3e68d6477fbcd1,0
98158dd990f57971702bd1ca043bca04ebcdf5c1,1
4dd49cdb1eedb2bfbb1104fa970312c1ebd17a50,0
633ce698d17df390c6772f58856c08c8d878e2ad,0
105af07a21375f6045562285588d395e4ea8b3da,0
0bb792b85e118e4f30819a5347336b6bdad361ae,0
8fb1cee3c4cdb8d5f61051ace7eec037f9de8403,0
3fc3fdfdcdb08f3e0b29bbd5eb82ac0d4137f5c0,0
d280e7664d103942444bac0aec5749eb08b9af69,0
5adf55d83e03f2513540ce0bd832556de727c787,0
f73c2fc90aefbfaece07e21dcb916b109bc3ee4e,0
4d49f5636fc4dc8a2dd15edbbceafa7b2208ed2c,0
cdacc8199bc87bce9169ac242eb38381876f1043,0
390a1f80cf60c8fe725480da0c68d2e26acaa8f7,0
b83bdfa41f4e3ad76ae9e2acfa0d301fb91981b1,0
6f62e017e8a0384f01ed2061e92f817836bbd3c9,1
692eb8952185e4f376a6a3c2422a2c5cf5db5aeb,0
506b39a61d9be0bae0c4bb44bd2135c88f2765f8,1
98fdc2ad78415cb94f762885f91b82bdb8e24973,0
c86f337f7f41b4ac38305f52e9e7935fcade178f,0
04ffcf49e401d7f1d180b5bb174cd7b540268521,0
c59e74d800d69f019fb63f6c0503af306cfb5042,0
c2926a57d3476772b9893a513384daf7f38d69b2,1
faaf522c5727446dda191740d2dc30dc6b3e8308,0
9fba2d689573a6ca9d79560ac1f614fcb7f337be,0
1556d2b52f03298d33af0d06b328174ff975aee0,0
795fe2b8d1520e91f234378ce284d122540558f8,0
5820dd975eed2aefcbf7cfa5c19fe3d792d1f70c,0
19b7275aa9cc9234b6e714a2f4e0a35534d4555c,1
1fcfcc181c7935e6c2fae7692b1096e3aadf2ae7,0
1e4e25c483bdd64abd223d6a8b89397af8d0f57e,0
f7b61c95c88b07f71426e7fc133ae1cffb06e09f,1
2732f494256e9e50333d5aed1eddda39dc45cc43,0
520c318f504139259e06760757f18d010c9a9488,0
9fb8305d7f1f22bbef8f860b3899c1c1a4947d46,0
6711ffb9f6696a7eb7e7605408ac44a91c4db6af,1
ce6739062f0ea8a7db275add53deba6e57575cb0,1
ecb55f4b9c0184959ec0453786dc5fa14c67f45d,0
59e257cd0bb0030cd999c569df8d7aa55d3d177d,0
70378d50c2a774d35d71154652748cc8c97fa074,0
c4df71fedbf523b39718224f0963a6a82ce80ff6,0
a12ca669a56c0072ecd242feff2dfdf6a28d1807,0
7fca75be99d2c43f58fa7696639363148dbdfc6a,0
0c2fb002b3ba07480767d912f041983c18f9f19c,0
846565860eeaa89d786adf689e90d7499152533c,0
f62c4319531e057a231c870f8cd38f2fb1ceee6e,0
acf354b0c7f940e561ac73d39e71bc24bdb7e065,0
44cde59add99c4f2a06a1275318102b0c980dbea,0
b1d040eaf9d5a2cc26f96eb5fc623025803ad096,0
16b9f084b027d867dabf8b34134bd9b4dc8be0d4,0
18d3bc1c73da03bbf0ab68b4bda48e55cc8e2958,0
08ea53ce70d6f8e3fceb987bcf930b68899e45f2,0
23967ef8291c16aef114dd6a972d9406f5e2b32f,0
5a06320555636dc6a11b0c9028cbd9dd2e654d7f,0
3f9a390646c0dbefabbf0cd7b58446d2b4e2ac9b,0
ffd5afc1885b9be27514fbf13aa59c5bac174dca,0
f3f876ea0e31e0794170a8f73a3484694f5febbb,0
92d9720a6f79e3e185686962099f934d6560f40f,0
dfa5510f0255cbd1186607f6f83d3799b8b7d5be,0
570ffeb080dd3469ffb5be736a588505c389b13c,0
434b2204ecb52f5e96c09f448b80724de3e43934,0
996a44ce5829e7fe1ea26e3627f15c2097acf8ee,0
777351770a073baddc863631a18c2b6ca45f4726,0
db34a07ae7e5c4d1f6ee27f8b807fc5a0107cc17,0
f79fe70142732e2ab6e2f273b96e97633daaa016,0
46d23845655d5d59700e11364bb211ff6d37a8fb,0
7531b1c51c21309d083d1a1311e8b079a315559d,0
743d394b1f4b637e4cfb3cb145952e0e197c4eeb,0
5a6e75221f2d79b330007b5ec67be7f0a5e6b701,0
732104a08b0519f1cdb2f137f3d61e49bebbed88,0
cdb126427cab303ce566ec0fdfdc1d905916dd6f,0
871dbd31bf45095a515b44d0fc9f17c453b96b92,0
c6d631bfa224f9c003f51bf21e887df26f0efd6d,0
213579c22632225069cd789d3cde9cacbeb4e8c0,1
507aac36ab0575247f6aa74c53277b0b78e3e7b7,1
df2297c52799c2919c8d0c0128c51ff6d6d25772,0
f3b801af7a8c56dd9c13041e1ef8610c0d43c5b7,0
a9a12c755c999bff657e519d36bf4afb73e83d35,0
6308581d6670f688e39e1c2f34ef68e526a4ccaf,0
643163ca7a96fc5d6fe3a192846320783ff97eba,0
da1259234e40ca66e5bf6da59da8f2733ab58218,0
40a7040ca898ae8b496eea8794f0ac084f74a78c,0
15a8f17c5964859342189094eb2724391735850a,0
a4fc4e247a6987fa6f2a589c3e34e62d50186fe7,0
8af266abc86aec1d3cbcaa26f994bca37c57850c,1
650c781c39b70cb7a1e365682ad025b1bf24d8aa,0
1dc4e0240005bb27fd6e7555d1cd7b275511ae93,0
4def67d8ecb006b144b65c88195a33a217bae88a,0
256e7b2151125136f86a1116a3248308a1e14e24,0
ccf1c63e490de27a3a9141fa94e09f57d225f509,0
e44d85203d6dd42bcdf4f16d3137915a24ee0512,0
7bf1c744429aa64e9d24ba07c3f60cfd167ca80b,0
d0aa4560b98c0da043e6694d8b5d2575d4ab2022,1
dd083d3e610a2f2659890074e6d82892486fbae2,0
fc9e3e17aee0603179a402ca81b5cfeb8ef9fc35,0
c01a264cf1a8d35e834258a5ff61ae9af9a5c470,0
2c4a99d23d09d91113d921a8e5dd93b54fa3a942,0
27b34d54ad5ee66cd66080abb5e28d00160f34ef,0
950a0ce79abbfa450439f068f67eaec8fa151282,1
8ccb1445ec2100e84468a55caf9761e38ea44cc1,0
f5e9a7d140e078086e9ee4b702b20498acdb519b,0
901f15219d93365d0c66445b63a309d5baf360a9,0
9098fa9d9522b75eb8ad3310bd3ece55fe29f5e9,0
cb9d9f1589a5b19d4aefa17862b24a357ce55609,1
c5dfe794bcda066859db90aa78db5a00b8520470,0
38df785678e9f9c97838b078f71661d5562d4732,0
25a9898d9de02b4ea2324d3e87da3b07c5a39926,0
65187a8a98d70a03f72c87773ae7c58fb61d071d,0
faaf9212e19aa8148b1e8c20cf2cd1f3d6a22920,0
964fb6f67425abb51ef45be13f52e3d51003d327,0
fdc498dbff8b832a47aa13cf55ef635c0d5650ec,0
885c7acc6fd5007883de362ea28b5695421e743b,0
5a0d4e5f6108c036407c5519322916d7cee8614b,0
c8c4f151a3f2abe87576dc50ef2eea0a0455587c,0
1708397df44e10186c0fce80c5b496596eeea71e,0
280a624afef39af6cb2ce98fcf9f0332aac1b458,0
d156333ff4e647898ffe9c1116bd164f73ca3455,0
ed85b21dd446f19eaaac39c552963b97356723c4,0
488501c35922086bee26b010b2b388aa1738c518,0
54fe96dbfdec7fa8d07e41ef43355d640790df29,0
ca861cf05fe421ab4d6838a1f498799f32e3aad7,0
a6733801cee41473849cfcc0960f1ac109abe10b,1
d7e53eeec61eed8cc811fd181b8a81efe333aea0,0
67e2e5f81c3cca5debf45363e745730528f660bf,0
6b08399daf1fabf1d79329724fcd679826abf3d1,0
77d047fee2b508330c79285bc7eab90fbbdaebd6,0
f7a36d89719e88152a31039f6bfaed328c567b83,0
dc2fca30f1118f21c9df2d26eced2813f237206d,1
511683d81c8ca5424e8d2341e7ff58aa5528b576,0
a1a8d73324ff59f52d4a82dcc07f0e6049469252,0
ac4716e5e65be3dbb8ddfb3a3d12d8a7af72d7b3,0
e7a9db4ecfa55e0ab56fe9a41d9db0ae3bda1c4f,0
54835a0a42a3b3b1639307b9170ceef35a21a2c2,1
80a3f7da24b9191f9fabc406d1d94b7f16b71107,0
0cef9d7eab4fc3cf4b1fc4594541704871a82da2,0
26a1a1282beddcf469e230257296de78e78f460f,0
9ff733ddd9e633db6edaed2d212f693e1abf3096,0
0b7e4b39e4e938c7f20b69288a2408d1210f6b71,0
9d136339a4c8e15862f902c5f9ee8856d587f03e,0
9dc24ecdafecca7935407f8386263c6e5ffeecc7,0
1da0114f817051ca4a361d0657560fcb5ee971ae,0
cc688742fc6eced59a2bd83e28f657cbe9ef6f77,0
c61e4fdc6fb52ef17f89e7d92d1d0403fed5b04e,0
68c8403285327b691dff5c5a121429340c08be71,1
c4d573eb3f35bba4406affde0b1960385aab10d1,0
c9e7ebde0137ee7c41363b8c03ce2eecdc61cb40,0
f9f322b16b9e7b64ba51272e9affbaebe216d0b4,0
841f5159957826c8bf19fe1a83d54d5a79b8caf1,0
c901d0255c43adc49300f7fe4e6097964e6128e5,1
675bd0e6d70afc00494b827a26438b8632bc4112,1
b90df734d0af7b89bd7fee533cbc267eb681cf4b,0
b4d9790f227643a08a57d6eb5a7e1b53c6a7c6ac,0
cff69cc2782107a670bd2e9390f4bb9814dee6d0,0
5edc32f497c6bbb878c32d2a91d1a26e23a014c6,0
d49a5b02c556b943890e47819a9fb4deb87b1e26,0
1de67edbb060798123ce85db00030b656d9f633a,0
4e965e322cd2b2f2d4b7597f73f28f822433e239,1
fa41def6d3fe04abc64e497ad30a975fac6421ca,0
6d2f9dd6abe10eb7ae7f165aa054f5dd59543692,0
45927552aa12d483fe9c13605dbfb2b85ad6f867,1
5c5cd6b98dafd7dc696d20236c4b8112d7a66499,0
0fd72b8044ce8fc8a878790d0354658841b97e9a,0
98d83b25159a3c8589b349d4f4c2a79af23ea71f,0
1ba91ae32524f26fd568cb1d7069e897e7f80ae4,0
ebf90ddb05e445f3d9861d709915d5770012015a,0
8caecd074f8f4f0439b130a83bb003584c00d5cf,0
eeb75b0fee6fb205f5136499f6ec9caf837d3e41,0
91907bc20e658776b09b18f2aff4e6965c3e2972,0
bd6a221b631a847566a2488fafaa441f58eddb2c,0
4bc8fd064c6290ce51dd3b25ed6a29a067168c72,0
20e1193d699297f26ccdd3d3db8eb5afedd9f60c,0
54e0649d52b7ae62a052fd668bd34926ad1f68c9,0
1ebe63a1e6348f9bfb9338e771cfbe5b9a7ad3b7,1
481c5c287c1f4088627c74f79a71f5e3d0b3929f,1
ad0bae7fa3624ec898ced5bd34fef6af68f5e45b,1
8aac04804ad06e2889014ad8ac8258d7451e1efc,0
19242b38d25a91b38d62bcb835ff1bba2a62345a,0
a3c862a6bf252d6162e76d20a4e54dd7a423e318,0
916a38f3cf06b3825f3235a256162d0892f754df,0
351ef63648c99f4c1d8415e2b19567e8cfee7b5b,0
a5f83dcb9292d6072c5b347e304deb37e9ca90e9,0
6ee34ee1e9547ade11edc365165ec3c7352cbdda,0
2af4425f36da477e403120d5af9106c3859b3f78,0
686b12e95ae211ec8e6f9e38411fce43730b0a33,0
f6a1da02d74ad1577c1a4fdead0d443aa27f861a,0
de932cde7ef698a3a19f22f5e9b943be74762e6e,0
b58a48e838964417fab0c6660eac39f2856265ef,1
9a42d17415bccf572f3a6793496ba2eff60f1645,1
eba83c4b85fbf43ecb6412cf64eff76b2cd201ed,0
78b0499fd8eb18775d080554037d41e35502cee0,0
17f3a5f5e452ea37faee8c95f3b074990cbc9fd9,1
7b5ba14fa1fa44c4e562b4a8547aa91ff47c14b3,0
bb3158f05d12e378e7d89d883f01ffabb1aeedff,0
389825a4033c5f6577feb778f7d6d9a47648299e,0
c9d9d4a30a21bcbd40311ed4d9827053b91bd6a5,0
de70e1750f3760994d2ce5e6221f55ddd569d390,0
fe04ec9a492a7bc3b698a2ab34542ca9d2a55a38,0
08bd8c5d75bae1013d374e5ab2f3898bea33fb2c,0
b6d83b3e96e09c18e6a371e5c607d0f0a8b30786,0
9044a693d126e9784d27241c9aa4a0daa061b912,0
4ef149b1cb3a58da3609d5c28875d5c6e004af85,0
2c6c12ee5eaac9edfae0ce713ef1996892dfbbb2,0
3c74cd7e26bc55fcd0ca2423459db46f1a64a166,0
c0c8bba1f0f2f568e21dcdc5096b72d66f7dcd67,0
cf97ef6f31ca59758c363f40682c626431834195,1
12d02315a5f0bbd8d0ee1698dfd5f4243f383c72,0
321b71b05599f6a7744876a705f11fa9366806ea,0
3b986b659652064585b4ba47f220629b2fb6d8ea,0
7a817aa6e84291059827ac7f418be834cdce7000,0
09329b9135301a8cea7e0aad1a6605e1ee64a66e,0
bea1b88e42580e38c5a169e65b9ecd7922d80e91,0
8198b9cbe7b6efd449334597d0b04f1c9b51bf3e,0
2cfb71988e3b596e2606e76fdf06a1e19051eb99,1
f5a7efe79d753d7b95161ad691b35a970ab0868e,0
5d8b3108bc085821fa0a6dbe664edfc3000a765a,0
7bd9d854abdee3185fda79302bef6d96021dda2e,0
1914a24fb35b62a5a3676eb2e931a6a7a175b267,0
dbd2841f1cc2e003cc3e575895efb2bdaa3fdf5a,1
831001418f168d8f9bf74f3db5f5e2998ae3629a,0
b72a9704bc8ef346b8cfb8136af1acaacfd1cbb0,0
7b9523b97c701ed50552d2361901e94964e78e74,0
7e0a4b9c76e298a6382d367dbad19a4dbc8edafb,0
d7670b474f3e1864c1cd4a68cfe092f11fbd770e,0
d7e35c398f0f00961310a9bd1cbdddecc1b12349,0
011a6b92698de706067f466b2d567c27cc5a08d0,0
b7c7a4259cca9a891c7de9ee0c1f1d778efacb67,1
aee514634874804f2108aa9bc95fd78737a2f146,0
f127695cf8616a967e782f5f967678c25d665754,0
cfb8208d3c70e874677411bc9fa65eb2212a75d9,0
12bb22515b812a2c79b5ece2b9ec679e582468e1,0
ad7d21eea9c4e12c14c71fef1ab78bb935c2e736,1
f5ade6f8448adce4eda2da6fa1ca795464bf13f7,1
4ca3971e98c439cf0cac9376ba79265f1507ca5b,0
c59658195d7e224eded7f429534e658dc1cd9f3e,0
5582904b5b1123bc3defada6eeecbd38d5829182,0
6ed6b071a24669aa3e88b834591fc10c76fda4bd,0
0381774cfe09192fa43a8062e96886cae5abc3ed,1
6fa5af047ad26523f0ef68056f326fd8bd28c018,0
c4318e8627d4e74c27c0bd8720069ff9fa7361e3,0
532452777d374a7a9536954716a6541a5ac3bdb3,0
4e831e79de86e21dd8e41f427b03a9eabdf08da2,0
0aefcea1088928eedc96c9ea96e36354d0cd4f6b,0
b82ba98b19e53613c5960729c0716d2329013074,0
b9d46ad5f9d00ac0a4f5c248365ef50fd1c46bbf,0
f56c53be986ab035f1f7556d38f6593d7a8829c5,0
808f510cb9527bc9a5c319f93940bd527c0129aa,0
039b81df8f9b7f094bd38d43e9a775a6a642a7bb,0
2591462ed0fb0df91e6cc64b042532c5fd42acd5,0
8cdb98d099c8b70579b5779fd0103e56616716ee,0
797a60cb0267af25b5a65930357506c8d4f9c3a1,0
45ac90489cb1a951c9f1e8e13951060203ba9e00,0
2d6e663729532dbacd7e2553a7c6b7122c1437d6,0
ab2c635bb52b09d9781bebd880193fb5796da5ee,0
cc5c571de01405eec99965e971707d88b263a489,1
bcbecd1dcfd83ca63c5c7ac998c1efcc90eea4ee,0
3b841e26d5d6d073bf95fb9a35c3de1af283a46a,0
999f7f8c2235826b8258cc05c69c4100ad779726,0
5028050999ec62efd2a2a5866a409f7dfa4ffff9,0
ddab9313f5005edd402158dbf8d0789e8aeb8989,0
ac8b4c4b4bb370e3f090b71ef260a34e99a86610,0
e0c4b261e8ca46113d6f5dd755825fd7d944006c,0
d1d0ace11c372066413543d5174ae5b131cb559d,0
5b9a0642beaa6853974bdc7b57a74e57347773c0,0
43c44278a284c45b8d6d8374c81b39a975281410,0
0726cf57334b9e5131be7291e51b5f158920da13,0
c8b49f375151a21d4da6c616d6acdec6cfacbc40,0
264b3202c43d7a209e91150609ff65a24662d87c,0
40123e8b85e6a96deb2aacc1197e6aee7283a180,0
7441732fdd1a2d39d7c4f7bfff6e2445c5bd9170,0
3f77b7f1092a6a7cff3d1170489fdfd4433dda28,0
cbc3a04c64423caddfcf2a3e29da4f972ef0e22f,0
0596cbc6baec7024e542056a6113d78a5a0003c0,0
e27d42a066f7c0f30666d785e7794d34fd52d797,0
33d43c392cd691573b06501c80e0540fa2ec9a77,0
e02178303669dcfaf49118888cdd32295d98295d,0
fafe314534d26050da67620c5a6926da0940721b,0
3106414e6b4c9c71d98c362cf262aebf918ae752,0
989791e7aecc4d3b5517973866298cf5ec8c01f3,0
ce295a58e542f4196b912f70535cfba5ed1dd6e7,1
efcaabae4b312b3a13199c96dfd5d05b4510c022,0
1b392a2e1700ce7c36c083178f7ebb8a67dff6b0,0
239f0a33bfe44344e890fb87b7f0847db7ae725a,0
a902cb63de074f6937d73ec981f471ce345e3583,0
5475fda3a50a1f18912de00282d16af06e01c070,0
8f0cfb9ef431ce949c94fa8f393cd267d4a9ecbb,0
bf51e7e51caa731a377c9ad2ad9bac88a9eff0a6,0
64d0936d1ca65be818ce21852bc2c6dcc7d7f056,0
ea27473c291944c8e4d4f43c9fc52ecd76b1e5ec,0
9f0fb2541a8244aac9c77aa1811163af454a26a0,0
1ec7437395aebe5c975cf6042decc2124ea2c239,1
010bd00787716904ee2221e9bbc7331fc3edc505,0
03258bc075f769bc1666a328c9989a0593fa9289,0
fcceaab96a56d8e8d6360c7554c521c10149f08a,1
678bd9e02c602f93060e465ba067217532da2f39,0
bf089d837335d6556d6ddd2e1c028fe544fb9894,0
71ff06da2ca851d3ce772eb4bb22c9190e5b3cc2,0
934d685a138219457fb2829908efcae33146a654,0
8b1d26593f01dc5ce79fc598f0c3969b5b4629d1,0
67c5d63669396214c05d41ecad777d3959cdc3dc,0
c55e2986fb280be7791e89b88131788c343c1b5a,0
9edbc89bfd72fa34ea1112fb5f0f01329a2c7732,0
15b541ece1fc57692d218a39e04c7b37ac3ba389,0
1a6f0ae3985241449238b49500f1a97b2b82d11f,0
88332cd9fa3eb7832bc6945f8fa6b19dcd730459,0
78a432626bd06cb0b9666d5fe197888c025324bb,0
d53d76a62a31442a0b713077a67983adb65489d7,0
01e534fe68de45bbaa0b94283357b3813d71ebff,0
60fa694a7ffb747ba8ed8c79ac92afd4f64085be,1
8ebbe07199aa2fb9588b2cfbe1e30f9dc31b3e08,0
042aabcd2068630f32f4eb531f5adcfde49efd86,0
48fea9bbeecc6b1164d1a28867ba5f1cad8977f4,1
5452ffca0d5b5cb4e2d7e192d079a56bdee4965b,0
67cc8ee2e3a62d44a41118b3982a02fd350dcc80,0
8426704425dc8e25435c9507cb91cf002f791a5a,0
bfd01a65ea59fb0bbdb08efaca0c1b1ceaaa4b24,0
601059075377407ef143c8599bda6fe6c9eee594,0
fd3037e756c51796a5bb32e1817a252982550ed7,0
407b49151b9786f3013450003de2dc5a7a4db860,0
653d284433a73c843b58f1c8e80fbe770896723b,0
6971e9bdf00397df362caa1b0b699da370216d01,0
63f874bb510409900bdee49898fa0920dc8392b0,0
956036bc2a3108cda4910a1183dc489449770f2f,0
88acaaa364474dbc49aa68292c4d81ce8427698d,0
0819b45fa50131a6eda02f3a4fc9294124dc5dda,0
deb296c65edd91dd26c1d975ad0236b5e4b68e54,0
02e71d5d7e076d6be12b2837b0ca1dea7ca03374,0
c9f47e0bb3a8260ee4e2ee4a9bf3fcb6acf00e2e,0
3bfea6d406070a0bc2566e77f47ee2946fee9b8b,1
2da609e0dd7ebccb85c9e5384636598eb2340113,0
a89261d806fb278ffa7e3f16a6758a2b8b8d7f2f,0
6eec8ac0140ae6ceca403e942f8811923d441a11,0
8de4b89a8b35fd0a6508f4b902b9b2bc0ca85aef,0
2a30372a37e2423ae2961e17b5e5ed7f8b2c6167,0
6defdc577c477e19bf835f01ec0c7d3014071ecd,0
e7567deb563613d05ab50f7dd5d58732bb6dd2a5,0
9b0e5829a43462324be126050a31f8cd0ba97f40,0
f20cc27e659c9d3abcf79cd168c62f27aa763aa8,0
17a73ec986c45bcb27a3cbe37c75e320ba5c1eb1,0
db55ea567b9fc50df359c1d2b8e927beefeee652,0
5b774411fd9d4d4c07300ad0ed2e4d675815b497,0
a1ce42d3bef4f2f25e658b95aa513cc39accffd3,0
f04479c0b918bd5fa755d5d5f6e9a25fc39a616d,0
77aa8f30fcc1e38645397fa80bcdfe5bbfc2a549,0
3db55e6121f2544a3bc83253cbdf67bf012c6e5a,0
136c703504cde1becd79e4ce83e1c7cfc70bd4e6,0
2f8532549281b4f0101124004d87d28ecb85ddb8,0
bdaad71f885646b1124b2625c0583a2beeb05baf,0
6bb9ec5e0d8cb228bf4555d1bc15aacd4a97bd84,1
99e7489b2738410c23e587f49fe0e7c8eb3c53cf,0
426c0d5101edc73e2774649d834b950823fa8a72,0
cf76b4153a31d24ec46c4e86ceb40e70fdad1537,0
99a3902bf20a70904c23d3932198418b92a2a538,0
8f8bc43619e6ae3f5ba3f4b31b825d23d2824571,0
fc1fd70aff54fe3a703c252ec84b36984d7acf29,0
ae050251dc58dabd84d52e52ea9568997440fd09,1
5a6723b406c1432da50dd76cf43ffd530df46d15,0
159bcce737afa5a01bca2e11a5c81051ed4ce79c,0
103041279a3e6ad5499ed1a5f916e6a17ce9ccce,0
f4e804253002833e338ae115b58e208fdd5c2fdd,0
97aaac95cb24360a5ad369d8a1387a0693910346,0
3836e430fbcf21bcfbec81e3ab2919d557780a95,0
761b4ebf1c98ef5a2390cbffd8621559fff6d968,0
5d0938890d8e7494886f07d3f4b6132bb274b79a,0
6cbcafc1c4b8c0a970cbcb1cefd76512c4bf2b80,1
13a6d2fab805ee76f03534739b808fc12157ca6c,0
6fcfb05f3cde34cb73f497b2bd248870a399cb40,0
0cb536397ce1402917fea1d0c24da30cbf2ff054,0
aa056f07aa889cbdd2d5d11bc4cc1efcfdfa3de1,1
918e247477ff8345de44d85aca7e4b2a5a7ef622,0
88ee9c4c773c4f2ad8eefc0db61e9573dba95f30,0
7e9bb93782dcdcb97dfa29b9e4296e092076f699,0
2ee813d93d868b925655103a5ae8804c238a1f16,0
574dd22a5e5e3c926e35ae6d2f32d7c18341a642,0
6b2bc90da79cb382e846a04431930a43b8515737,0
c8484215d0efa5389e4cbaa37c242f5628ed31e9,0
90931de2941bc688303088fd188cc39069f3f026,0
184d5be06336b0074c944b680962a75a283821a8,0
d54faa46b368e74c44f8b67df2aa8ca15c5d9312,0
90a6a53fb4a9d81d394d0573c65eea44ee6b0c2b,0
dd1d8fbec1cb06af26bf177d2975e5a1bf307a48,0
78322b8fcb1a65c3f8215ffb73320b3e358a8de6,0
8c83785194a81c69845b52cb363bd54b5580f70b,0
1fd2fdff21c834d64daf2ba6a84e5ee0a3c85fbf,0
6dde8fc7af42ad6a49d17b9ee785b6acdb68fc6c,0
bff4eba24806576ca1230c97cbf20b2b7152fbf3,0
1a2e9e3cc69171d676398d3d76ee34cc4507f1e6,0
7c45f0f65711245efacb7aa4623bbed15dfc3e7e,0
1db892518e363d083470b1c985b6a4442d26d015,0
a106d938ce572b2dc8c6fccafe7c2dfc5009bf7d,0
682039721f83364b60b27d7f59b7136822a31fc1,0
8ac6f9397f16b2529d2ae389795378adf684dc59,0
675b889352a7a9dccd1ab1fd2bbd1f7e541cca3d,1
de5c7106887439e84837099050e7b8959a58f388,0
6cfc147b33131620e2f2fa985dc7ffb4f79b2408,0
4565acdbd807318536e03a676ada6735d45e2f53,0
99a2dd78b3ab186b9739805fee6beef3a21d16c0,0
bea6b631fd65901557ec1275823c083789aaf53d,0
7e1548e2c18ef76d8baa42a92298f25b82457338,1
d21ea4c576cea58bc9ee56a93b309ff61ac15977,0
8f6a7764f92e4a6082b12862c4811629b29c5553,0
cd20c423900407341ddb1571818676e5a3b823a7,0
8ca3bbf68c7c558a835124fa1f78bcc8aba1a494,0
eb99e2c28ec323a60f04f148606d0f7d36176c66,0
3677b79329c7476b2a4202a3f2c43dbb14ff7e6b,0
67906ef9ab373770bd401d9bd9009d523bae77d7,0
455ae6997425ccfe1bf96fdd87989a0f4bcc614e,0
